loan_amount,emp_length,home_ownership,income,loan_purpose,debt_to_income,credit_score,recent_inquiry,delinquent,credit_accounts,bad_public_record,credit_utilization,past_bankrupt,pred
HIGH,10+ years,RENT,LOW,wedding,AVERAGE,AVERAGE,YES,NEVER,FEW,NO,MEDIUM,NO,
HIGH,2 - 5 years,RENT,HIGH,debt_consolidation,AVERAGE,AVERAGE,NO,NEVER,AVERAGE,NO,MEDIUM,NO,
MEDIUM,2 - 5 years,RENT,MEDIUM,debt_consolidation,AVERAGE,AVERAGE,NO,NEVER,FEW,NO,HIGH,NO,
MEDIUM,6 - 9 years,MORTGAGE,MEDIUM,debt_consolidation,HIGH,AVERAGE,YES,NEVER,AVERAGE,YES,HIGH,NO,
LOW,6 - 9 years,RENT,LOW,debt_consolidation,HIGH,LOW,NO,NEVER,FEW,NO,HIGH,NO,
HIGH,6 - 9 years,RENT,HIGH,debt_consolidation,HIGH,HIGH,YES,NEVER,AVERAGE,NO,LOW,NO,
MEDIUM,< 2 years,MORTGAGE,MEDIUM,vacation,AVERAGE,LOW,YES,NEVER,AVERAGE,NO,MEDIUM,NO,
MEDIUM,< 2 years,RENT,LOW,debt_consolidation,AVERAGE,AVERAGE,NO,NEVER,AVERAGE,NO,MEDIUM,NO,
MEDIUM,2 - 5 years,RENT,MEDIUM,debt_consolidation,HIGH,AVERAGE,NO,NEVER,AVERAGE,NO,MEDIUM,NO,
MEDIUM,2 - 5 years,MORTGAGE,LOW,car,AVERAGE,LOW,YES,NEVER,FEW,NO,HIGH,NO,
HIGH,10+ years,MORTGAGE,HIGH,debt_consolidation,AVERAGE,AVERAGE,NO,NEVER,MANY,NO,MEDIUM,NO,
MEDIUM,2 - 5 years,MORTGAGE,MEDIUM,credit_card,AVERAGE,AVERAGE,NO,MORE THAN 2 YEARS AGO,FEW,NO,MEDIUM,NO,
MEDIUM,< 2 years,RENT,LOW,car,AVERAGE,AVERAGE,NO,NEVER,FEW,NO,MEDIUM,NO,
MEDIUM,2 - 5 years,RENT,HIGH,major_purchase,LOW,AVERAGE,NO,NEVER,MANY,NO,MEDIUM,NO,
MEDIUM,< 2 years,MORTGAGE,HIGH,debt_consolidation,AVERAGE,AVERAGE,NO,NEVER,FEW,NO,MEDIUM,NO,
MEDIUM,10+ years,RENT,MEDIUM,debt_consolidation,HIGH,AVERAGE,NO,MORE THAN 2 YEARS AGO,FEW,NO,MEDIUM,NO,
LOW,10+ years,MORTGAGE,MEDIUM,home_improvement,HIGH,AVERAGE,YES,NEVER,MANY,YES,MEDIUM,YES,
HIGH,2 - 5 years,RENT,MEDIUM,debt_consolidation,HIGH,LOW,NO,MORE THAN 2 YEARS AGO,AVERAGE,NO,MEDIUM,NO,
MEDIUM,10+ years,RENT,MEDIUM,debt_consolidation,AVERAGE,AVERAGE,NO,NEVER,AVERAGE,NO,HIGH,NO,
MEDIUM,< 2 years,RENT,MEDIUM,debt_consolidation,AVERAGE,AVERAGE,NO,NEVER,AVERAGE,NO,MEDIUM,NO,
MEDIUM,10+ years,MORTGAGE,HIGH,home_improvement,LOW,HIGH,NO,NEVER,AVERAGE,NO,LOW,NO,
MEDIUM,6 - 9 years,RENT,LOW,debt_consolidation,HIGH,LOW,NO,MORE THAN 2 YEARS AGO,MANY,NO,MEDIUM,NO,
HIGH,2 - 5 years,MORTGAGE,HIGH,credit_card,AVERAGE,AVERAGE,NO,NEVER,AVERAGE,YES,MEDIUM,YES,
MEDIUM,10+ years,MORTGAGE,LOW,debt_consolidation,HIGH,AVERAGE,YES,MORE THAN 2 YEARS AGO,AVERAGE,NO,MEDIUM,NO,
HIGH,< 2 years,MORTGAGE,MEDIUM,debt_consolidation,HIGH,AVERAGE,NO,IN PAST 2 YEARS,FEW,NO,HIGH,NO,
LOW,10+ years,MORTGAGE,MEDIUM,vacation,LOW,AVERAGE,NO,MORE THAN 2 YEARS AGO,FEW,NO,LOW,NO,
MEDIUM,10+ years,MORTGAGE,MEDIUM,credit_card,AVERAGE,HIGH,YES,NEVER,AVERAGE,NO,MEDIUM,NO,
LOW,2 - 5 years,RENT,LOW,car,AVERAGE,LOW,NO,MORE THAN 2 YEARS AGO,FEW,NO,LOW,NO,
LOW,2 - 5 years,RENT,MEDIUM,vacation,LOW,AVERAGE,YES,MORE THAN 2 YEARS AGO,FEW,YES,MEDIUM,YES,
LOW,unemployed,OWN,LOW,other,LOW,AVERAGE,NO,NEVER,FEW,NO,MEDIUM,NO,
HIGH,2 - 5 years,RENT,MEDIUM,debt_consolidation,HIGH,AVERAGE,NO,MORE THAN 2 YEARS AGO,AVERAGE,NO,MEDIUM,NO,
MEDIUM,2 - 5 years,MORTGAGE,MEDIUM,debt_consolidation,AVERAGE,AVERAGE,NO,NEVER,MANY,NO,MEDIUM,NO,
LOW,2 - 5 years,RENT,MEDIUM,home_improvement,AVERAGE,AVERAGE,YES,NEVER,AVERAGE,NO,LOW,NO,
MEDIUM,2 - 5 years,RENT,LOW,debt_consolidation,HIGH,AVERAGE,NO,NEVER,AVERAGE,NO,MEDIUM,NO,
HIGH,10+ years,MORTGAGE,MEDIUM,debt_consolidation,AVERAGE,AVERAGE,NO,MORE THAN 2 YEARS AGO,AVERAGE,NO,LOW,NO,
MEDIUM,< 2 years,RENT,MEDIUM,car,AVERAGE,HIGH,NO,NEVER,AVERAGE,NO,LOW,NO,
MEDIUM,10+ years,MORTGAGE,LOW,credit_card,HIGH,AVERAGE,NO,NEVER,MANY,NO,MEDIUM,NO,
MEDIUM,< 2 years,MORTGAGE,HIGH,small_business,LOW,AVERAGE,YES,IN PAST 2 YEARS,AVERAGE,YES,MEDIUM,NO,
MEDIUM,2 - 5 years,MORTGAGE,HIGH,debt_consolidation,AVERAGE,AVERAGE,YES,NEVER,AVERAGE,NO,MEDIUM,NO,
MEDIUM,unemployed,MORTGAGE,LOW,car,LOW,HIGH,YES,NEVER,AVERAGE,NO,LOW,NO,
LOW,10+ years,MORTGAGE,LOW,debt_consolidation,HIGH,LOW,NO,MORE THAN 2 YEARS AGO,FEW,NO,MEDIUM,NO,
LOW,6 - 9 years,RENT,MEDIUM,other,AVERAGE,AVERAGE,YES,NEVER,AVERAGE,NO,HIGH,NO,
MEDIUM,< 2 years,RENT,LOW,debt_consolidation,AVERAGE,HIGH,NO,NEVER,AVERAGE,NO,MEDIUM,NO,
LOW,< 2 years,RENT,LOW,debt_consolidation,HIGH,AVERAGE,NO,NEVER,FEW,NO,MEDIUM,NO,
MEDIUM,2 - 5 years,RENT,HIGH,other,HIGH,AVERAGE,YES,NEVER,AVERAGE,NO,HIGH,NO,
MEDIUM,6 - 9 years,MORTGAGE,HIGH,debt_consolidation,LOW,LOW,YES,NEVER,FEW,NO,HIGH,NO,
HIGH,6 - 9 years,RENT,MEDIUM,debt_consolidation,AVERAGE,AVERAGE,NO,NEVER,MANY,NO,MEDIUM,NO,
LOW,2 - 5 years,MORTGAGE,HIGH,small_business,AVERAGE,LOW,NO,MORE THAN 2 YEARS AGO,FEW,NO,HIGH,NO,
HIGH,2 - 5 years,RENT,LOW,credit_card,HIGH,AVERAGE,NO,NEVER,FEW,NO,HIGH,NO,
MEDIUM,6 - 9 years,MORTGAGE,HIGH,credit_card,HIGH,HIGH,YES,NEVER,MANY,NO,MEDIUM,NO,
